{
  "name": "Williams-Shunn-Jameson 5",
  "degree": 7,
  "domain": "T2",
  "test_tolerance": 7.737e-16,
  "data": {
    "d3_aa": [
      [
        1.791546811194674e-02,
        1.277121938457533e-01,
        7.620605385370617e-02
      ],
      [
        3.587089730389267e-02,
        2.417293971024203e-01,
        4.743087877649925e-01
      ]
    ],
    "d3_ab": [
      [
        5.574980876096360e-02
      ],
      [
        2.015039089284195e-01
      ],
      [
        7.511836016177990e-01
      ]
    ]
  }
}
