{
  "name": "Williams-Shunn-Jameson 8",
  "domain": "T2",
  "degree": 12,
  "test_tolerance": 1.360023205165817e-15,
  "data": {
    "d3_aa": [
      [
        5.639123850051700e-03,
        2.714896822751263e-02,
        6.310091250460742e-02,
        5.175279561040724e-02
      ],
      [
        2.117142287153066e-02,
        1.005843977739632e-01,
        2.710383077336301e-01,
        4.401912583997973e-01
      ]
    ],
    "d3_ab": [
      [
        9.866753740833102e-03,
        2.200820467765112e-02,
        1.664457007712752e-02,
        4.432623807476545e-02
      ],
      [
        1.017636802983086e-01,
        3.940332722234677e-01,
        2.262455322029328e-01,
        6.357371829602076e-01
      ],
      [
        8.799796404547588e-01,
        5.825620223050949e-01,
        7.515306132157283e-01,
        2.490792278678799e-01
      ]
    ]
  }
}
