{
  "name": "Williams-Shunn-Jameson 6",
  "degree": 8,
  "domain": "T2",
  "test_tolerance": 7.667477763817487e-16,
  "data": {
    "d3_aa": [
      [
        1.035936408757151e-02,
        7.539488159471712e-02,
        9.754779241119904e-02
      ],
      [
        2.811293088219503e-02,
        1.771391137331412e-01,
        4.055085942624622e-01
      ]
    ],
    "d3_ab": [
      [
        2.896927677519073e-02,
        4.604637084473208e-02
      ],
      [
        1.485657877293395e-01,
        3.571962925241363e-01
      ],
      [
        8.179009982923018e-01,
        6.049789162226822e-01
      ]
    ]
  }
}
