{
  "name": "Williams-Shunn-Jameson 4",
  "degree": 5,
  "domain": "T2",
  "test_tolerance": 3.122502256758253e-16,
  "data": {
    "centroid": [
      [
        2.015429868248577e-01
      ]
    ],
    "d3_aa": [
      [
        4.195551878545865e-02
      ],
      [
        5.556405873493273e-02
      ]
    ],
    "d3_ab": [
      [
        1.120984094697944e-01
      ],
      [
        2.955337173474313e-01
      ],
      [
        6.342107415763597e-01
      ]
    ]
  }
}
