{
  "name": "Williams-Shunn-Jameson 7",
  "degree": 10,
  "domain": "T2",
  "test_tolerance": 1.082467449009528e-15,
  "data": {
    "centroid": [
      [
        8.360821181660115e-02
      ]
    ],
    "d3_aa": [
      [
        5.272175522430325e-03,
        4.455293672557034e-02,
        3.381571020068896e-02
      ],
      [
        1.997719961452622e-02,
        1.317217701051547e-01,
        4.851353467863512e-01
      ]
    ],
    "d3_ab": [
      [
        1.571046257143488e-02,
        2.820513443501591e-02,
        6.699595646643758e-02
      ],
      [
        1.079520083370499e-01,
        2.708407897268845e-01,
        3.165495999294208e-01
      ],
      [
        8.679111815139792e-01,
        7.008725531406436e-01,
        5.366546828243137e-01
      ]
    ]
  }
}
